Entrez gene ID (Human),Symbol (Human),Enterz gene (Mouse),Symbol (Mouse)
25,ABL1,11350,Abl1
142,PARP1,11545,Parp1
165,AEBP1,11568,Aebp1
166,AES,14797,Aes
190,NR0B1,11614,Nr0b1
196,AHR,11622,Ahr
257,ALX3,11694,Alx3
274,BIN1,30948,Bin1
322,APBB1,11785,Apbb1
323,APBB2,11787,Apbb2
324,APC,11789,Apc
326,AIRE,11634,Aire
328,APEX1,11792,Apex1
367,AR,11835,Ar
401,PHOX2A,11859,Phox2a
405,ARNT,11863,Arnt
406,ARNTL,11865,Arntl
429,ASCL1,17172,Ascl1
430,ASCL2,17173,Ascl2
463,ATBF1,11906,Zfhx3
466,ATF1,11908,Atf1
467,ATF3,11910,Atf3
468,ATF4,11911,Atf4
472,ATM,11920,Atm
473,RERE,68703,Rere
474,ATOH1,11921,Atoh1
546,ATRX,728849,LOC728849
571,BACH1,12013,Bach1
579,BAPX1,12020,Nkx3-2
580,BARD1,12021,Bard1
602,BCL3,12051,Bcl3
604,BCL6,12053,Bcl6
639,PRDM1,12142,Prdm1
646,BNC1,12173,Bnc1
648,PCGF4,12151,Bmi1
661,POLR3D,67065,Polr3d
668,FOXL2,26927,Foxl2
672,BRCA1,12189,Brca1
675,BRCA2,12190,Brca2
676,BRDT,114642,Brdt
677,ZFP36L1,12192,Zfp36l1
678,ZFP36L2,12193,Zfp36l2
687,KLF9,16601,Klf9
688,KLF5,12224,Klf5
689,BTF3,218490,Btf3
694,BTG1,12226,Btg1
860,RUNX2,12393,Runx2
861,RUNX1,---,---
862,RUNX1T1,12395,Runx1t1
863,CBFA2T3,12398,Cbfa2t3
864,RUNX3,12399,Runx3
865,CBFB,12400,Cbfb
988,CDC5L,71702,Cdc5l
1044,CDX1,12590,Cdx1
1045,CDX2,12591,Cdx2
1046,CDX4,12592,Cdx4
1050,CEBPA,12606,Cebpa
1051,CEBPB,12608,Cebpb
1052,CEBPD,12609,Cebpd
1053,CEBPE,110794,Cebpe
1054,CEBPG,12611,Cebpg
1059,CENPB,12616,Cenpb
1105,CHD1,12648,Chd1
1106,CHD2,244059,Chd2
1108,CHD4,107932,Chd4
1112,CHES1,71375,Foxn3
1161,ERCC8,71991,Ercc8
1316,KLF6,23849,Klf6
1382,CRABP2,12904,Crabp2
1385,CREB1,12912,Creb1
1386,ATF2,11909,Atf2
1387,CREBBP,12914,Crebbp
1388,CREBL1,12915,Crebl1
1389,CREBL2,232430,Crebl2
1390,CREM,---,---
1406,CRX,12951,Crx
1407,CRY1,12952,Cry1
1466,CSRP2,13008,Csrp2
1482,NKX2-5,18091,Nkx2-5
1487,CTBP1,13016,Ctbp1
1499,CTNNB1,12387,Ctnnb1
1523,CUTL1,13047,Cux1
1601,DAB2,13132,Dab2
1602,DACH1,13134,Dach1
1616,DAXX,13163,Daxx
1628,DBP,13170,Dbp
1642,DDB1,13194,Ddb1
1643,DDB2,107986,Ddb2
1649,DDIT3,13198,Ddit3
1655,DDX5,13207,Ddx5
1745,DLX1,13390,Dlx1
1746,DLX2,13392,Dlx2
1747,DLX3,13393,Dlx3
1748,DLX4,13394,Dlx4
1749,DLX5,13395,Dlx5
1750,DLX6,---,---
1761,DMRT1,50796,Dmrt1
1786,DNMT1,13433,Dnmt1
1788,DNMT3A,13435,Dnmt3a
1810,DR1,13486,Dr1
1820,ARID3A,13496,Arid3a
1831,TSC22D3,14605,Tsc22d3
1840,DTX1,14357,Dtx1
1869,E2F1,13555,E2f1
1870,E2F2,242705,E2f2
1871,E2F3,13557,E2f3
1874,E2F4,104394,E2f4
1875,E2F5,13559,E2f5
1876,E2F6,50496,E2f6
1877,E4F1,13560,E4f1
1879,EBF,13591,Ebf1
1915,EEF1A1,---,Dlx1
1958,EGR1,13653,Egr1
1959,EGR2,13654,Egr2
1960,EGR3,13655,Egr3
1961,EGR4,13656,Egr4
1993,ELAVL2,15569,Elavl2
1997,ELF1,13709,Elf1
1998,ELF2,69257,Elf2
1999,ELF3,13710,Elf3
2000,ELF4,56501,Elf4
2001,ELF5,13711,Elf5
2002,ELK1,13712,Elk1
2004,ELK3,13713,Elk3
2005,ELK4,13714,Elk4
2016,EMX1,13796,Emx1
2018,EMX2,13797,Emx2
2019,EN1,13798,En1
2020,EN2,13799,En2
2023,ENO1,433182,EG433182
2033,EP300,328572,Ep300
2034,EPAS1,13819,Epas1
2063,NR2F6,13864,Nr2f6
2068,ERCC2,13871,Ercc2
2070,EYA4,14051,Eya4
2071,ERCC3,13872,Ercc3
2074,ERCC6,319955,Ercc6
2077,ERF,13875,Erf
2078,ERG,13876,Erg
2099,ESR1,13982,Esr1
2100,ESR2,13983,Esr2
2101,ESRRA,26379,Esrra
2103,ESRRB,26380,Esrrb
2104,ESRRG,26381,Esrrg
2113,ETS1,23871,Ets1
2114,ETS2,23872,Ets2
2115,ETV1,14009,Etv1
2116,ETV2,14008,Etv2
2117,ETV3,---,---
2118,ETV4,18612,Etv4
2119,ETV5,104156,Etv5
2120,ETV6,14011,Etv6
2122,EVI1,14013,Evi1
2128,EVX1,14028,Evx1
2130,EWSR1,14030,Ewsr1
2139,EYA2,14049,Eya2
2140,EYA3,14050,Eya3
2145,EZH1,14055,Ezh1
2146,EZH2,14056,Ezh2
2186,FALZ,---,---
2274,FHL2,14200,Fhl2
2290,FOXG1B,15228,Foxg1
2291,FOXG1A,---,---
2292,FOXG1C,---,---
2294,FOXF1,15227,Foxf1a
2295,FOXF2,14238,Foxf2
2296,FOXC1,17300,Foxc1
2297,FOXD1,15229,Foxd1
2298,FOXD4,---,---
2299,FOXI1,14233,Foxi1
2300,FOXL1,14241,Foxl1
2301,FOXE3,30923,Foxe3
2302,FOXJ1,15223,Foxj1
2303,FOXC2,14234,Foxc2
2304,FOXE1,110805,Foxe1
2305,FOXM1,14235,Foxm1
2306,FOXD2,17301,Foxd2
2307,FKHL18,14239,Foxs1
2308,FOXO1A,56458,Foxo1
2309,FOXO3A,56484,Foxo3a
2313,FLI1,14247,Fli1
2332,FMR1,14265,Fmr1
2353,FOS,14281,Fos
2354,FOSB,14282,Fosb
2355,FOSL2,14284,Fosl2
2494,NR5A2,26424,Nr5a2
2516,NR5A1,26423,Nr5a1
2521,FUS,233908,Fus
2547,XRCC6,14375,Xrcc6
2551,GABPA,14390,Gabpa
2553,GABPB2,14391,Gabpb1
2623,GATA1,14460,Gata1
2624,GATA2,14461,Gata2
2625,GATA3,14462,Gata3
2626,GATA4,14463,Gata4
2627,GATA6,14465,Gata6
2637,GBX2,14472,Gbx2
2672,GFI1,14581,Gfi1
2735,GLI1,14632,Gli1
2736,GLI2,14633,Gli2
2737,GLI3,14634,Gli3
2738,GLI4,---,---
2908,NR3C1,14815,Nr3c1
2909,GRLF1,232906,Grlf1
2928,GSCL,195333,Gsc2
2957,GTF2A1,83602,Gtf2a1
2958,GTF2A2,235459,Gtf2a2
2959,GTF2B,229906,Gtf2b
2960,GTF2E1,74197,Gtf2e1
2961,GTF2E2,68153,Gtf2e2
2962,GTF2F1,98053,Gtf2f1
2963,GTF2F2,68705,Gtf2f2
2965,GTF2H1,14884,Gtf2h1
2966,GTF2H2,23894,Gtf2h2
2967,GTF2H3,209357,Gtf2h3
2968,GTF2H4,14885,Gtf2h4
2969,GTF2I,14886,Gtf2i
2971,GTF3A,66596,Gtf3a
2972,BRF1,72308,Brf1
2975,GTF3C1,233863,Gtf3c1
2976,GTF3C2,71752,Gtf3c2
3005,H1F0,14958,H1f0
3006,HIST1H1C,50708,Hist1h1c
3007,HIST1H1D,14957,Hist1h1d
3008,HIST1H1E,50709,Hist1h1e
3009,HIST1H1B,56702,Hist1h1b
3010,HIST1H1T,107970,Hist1h1t
3017,HIST1H2BD,319188,Hist1h2bp
3018,HIST1H2BB,78303,Hist3h2ba
3054,HCFC1,15161,Hcfc1
3059,HCLS1,15163,Hcls1
3064,HD,15194,Htt
3065,HDAC1,433759,Hdac1
3066,HDAC2,15182,Hdac2
3068,HDGF,15191,Hdgf
3087,HHEX,15242,Hhex
3090,HIC1,15248,Hic1
3091,HIF1A,15251,Hif1a
3093,HIP2,53323,Ube2k
3096,HIVEP1,110521,Hivep1
3097,HIVEP2,15273,Hivep2
3104,HKR3,100090,Zbtb48
3110,HLXB9,15285,Mnx1
3131,HLF,217082,Hlf
3142,HLX1,15284,Hlx
3148,HMGB2,97165,Hmgb2
3149,HMGB3,15354,Hmgb3
3150,HMGN1,---,---
3151,HMGN2,633752,EG633752
3159,HMGA1,15361,Hmga1
3164,NR4A1,15370,Nr4a1
3166,HMX1,15371,Hmx1
3169,FOXA1,15375,Foxa1
3170,FOXA2,15376,Foxa2
3171,FOXA3,15377,Foxa3
3172,HNF4A,15378,Hnf4a
3174,HNF4G,30942,Hnf4g
3175,ONECUT1,15379,Onecut1
3182,HNRPAB,15384,Hnrnpab
3184,HNRPD,11991,Hnrnpd
3190,HNRPK,15387,Hnrnpk
3195,TLX1,21908,Tlx1
3196,TLX2,21909,Tlx2
3198,HOXA1,15394,Hoxa1
3199,HOXA2,15399,Hoxa2
3200,HOXA3,15400,Hoxa3
3201,HOXA4,15401,Hoxa4
3202,HOXA5,15402,Hoxa5
3203,HOXA6,15403,Hoxa6
3204,HOXA7,15404,Hoxa7
3205,HOXA9,15405,Hoxa9
3206,HOXA10,15395,Hoxa10
3207,HOXA11,15396,Hoxa11
3209,HOXA13,15398,Hoxa13
3211,HOXB1,15407,Hoxb1
3212,HOXB2,103889,Hoxb2
3213,HOXB3,15410,Hoxb3
3214,HOXB4,15412,Hoxb4
3215,HOXB5,15413,Hoxb5
3216,HOXB6,15414,Hoxb6
3217,HOXB7,15415,Hoxb7
3218,HOXB8,15416,Hoxb8
3219,HOXB9,15417,Hoxb9
3221,HOXC4,15423,Hoxc4
3222,HOXC5,15424,Hoxc5
3223,HOXC6,15425,Hoxc6
3224,HOXC8,15426,Hoxc8
3225,HOXC9,---,---
3226,HOXC10,209448,Hoxc10
3227,HOXC11,109663,Hoxc11
3228,HOXC12,15421,Hoxc12
3229,HOXC13,15422,Hoxc13
3231,HOXD1,15429,Hoxd1
3232,HOXD3,15434,Hoxd3
3233,HOXD4,15436,Hoxd4
3234,HOXD8,15437,Hoxd8
3235,HOXD9,15438,Hoxd9
3236,HOXD10,15430,Hoxd10
3237,HOXD11,15431,Hoxd11
3238,HOXD12,15432,Hoxd12
3239,HOXD13,15433,Hoxd13
3280,HES1,15205,Hes1
3281,HSBP1,68196,Hsbp1
3297,HSF1,642255,LOC642255
3298,HSF2,15500,Hsf2
3299,HSF4,26386,Hsf4
3344,HTLF,14236,Foxn2
3394,IRF8,15900,Irf8
3397,ID1,15901,Id1
3398,ID2,15902,Id2
3399,ID3,15903,Id3
3400,ID4,15904,Id4
3428,IFI16,15951,Ifi204
3431,SP110,100041034,LOC100041034
3508,IGHMBP2,20589,Ighmbp2
3516,RBPSUH,19664,Rbpj
3551,IKBKB,16150,Ikbkb
3607,FOXK2,68837,Foxk2
3608,ILF2,67781,Ilf2
3609,ILF3,16201,Ilf3
3621,ING1,26356,Ing1
3622,ING2,69260,Ing2
3642,INSM1,53626,Insm1
3651,IPF1,18609,Pdx1
3659,IRF1,16362,Irf1
3660,IRF2,16363,Irf2
3661,IRF3,54131,Irf3
3662,IRF4,16364,Irf4
3663,IRF5,27056,Irf5
3664,IRF6,54139,Irf6
3665,IRF7,54123,Irf7
3670,ISL1,16392,Isl1
3720,JARID2,16468,Jarid2
3725,JUN,16476,Jun
3726,JUNB,16477,Junb
3727,JUND,16478,Jund
3899,AFF3,16764,Aff3
3975,LHX1,16869,Lhx1
4004,LMO1,109594,Lmo1
4005,LMO2,16909,Lmo2
4007,LMO6,54630,Prickle3
4009,LMX1A,110648,Lmx1a
4010,LMX1B,16917,Lmx1b
4066,LYL1,17095,Lyl1
4084,MXD1,17119,Mxd1
4086,SMAD1,17125,Smad1
4087,SMAD2,17126,Smad2
4088,SMAD3,17127,Smad3
4089,SMAD4,17128,Smad4
4090,SMAD5,17129,Smad5
4091,SMAD6,17130,Smad6
4092,SMAD7,17131,Smad7
4093,SMAD9,55994,Smad9
4094,MAF,17132,Maf
4097,MAFG,17134,Mafg
4149,MAX,17187,Max
4150,MAZ,17188,Maz
4152,MBD1,17190,Mbd1
4171,MCM2,17216,Mcm2
4172,MCM3,17215,Mcm3
4173,MCM4,17217,Mcm4
4174,MCM5,17218,Mcm5
4175,MCM6,17219,Mcm6
4176,MCM7,17220,Mcm7
4194,MDM4,17248,Mdm4
4197,MDS1,17251,Mds1
4204,MECP2,17257,Mecp2
4205,MEF2A,17258,Mef2a
4207,MEF2B,17259,Mef2b
4208,MEF2C,17260,Mef2c
4209,MEF2D,17261,Mef2d
4211,MEIS1,17268,Meis1
4212,MEIS2,17536,Meis2
4213,MEIS3P1,---,---
4221,MEN1,17283,Men1
4222,MEOX1,17285,Meox1
4223,MEOX2,17286,Meox2
4261,CIITA,12265,Ciita
4286,MITF,17342,Mitf
4297,MLL,214162,Mll1
4298,MLLT1,64144,Mllt1
4299,AFF1,17355,Aff1
4300,MLLT3,70122,Mllt3
4302,MLLT6,246198,Mllt6
4303,MLLT7,54601,Foxo4
4306,NR3C2,110784,Nr3c2
4332,MNDA,---,---
4335,MNT,17428,Mnt
4435,CITED1,12705,Cited1
4487,MSX1,17701,Msx1
4488,MSX2,17702,Msx2
4520,MTF1,17764,Mtf1
4601,MXI1,17859,Mxi1
4602,MYB,17863,Myb
4603,MYBL1,17864,Mybl1
4605,MYBL2,17865,Mybl2
4609,MYC,17869,Myc
4610,MYCL1,16918,Mycl1
4613,MYCN,18109,Mycn
4617,MYF5,17877,Myf5
4618,MYF6,17878,Myf6
4654,MYOD1,17927,Myod1
4656,MYOG,17928,Myog
4661,MYT1,17932,Myt1
4664,NAB1,17936,Nab1
4665,NAB2,17937,Nab2
4674,NAP1L2,17954,Nap1l2
4675,NAP1L3,54561,Nap1l3
4676,NAP1L4,17955,Nap1l4
4692,NDN,17984,Ndn
4760,NEUROD1,18012,Neurod1
4761,NEUROD2,18013,Neurod2
4762,NEUROG1,18014,Neurog1
4772,NFATC1,18018,Nfatc1
4773,NFATC2,18019,Nfatc2
4774,NFIA,18027,Nfia
4775,NFATC3,18021,Nfatc3
4776,NFATC4,73181,Nfatc4
4778,NFE2,18022,Nfe2
4779,NFE2L1,18023,Nfe2l1
4780,NFE2L2,18024,Nfe2l2
4781,NFIB,18028,Nfib
4782,NFIC,18029,Nfic
4783,NFIL3,18030,Nfil3
4784,NFIX,18032,Nfix
4790,NFKB1,18033,Nfkb1
4791,NFKB2,18034,Nfkb2
4792,NFKBIA,18035,Nfkbia
4793,NFKBIB,18036,Nfkbib
4795,NFKBIL1,18038,Nfkbil1
4796,NFKBIL2,72749,Nfkbil2
4798,NFRKB,235134,Nfrkb
4799,NFX1,74164,Nfx1
4800,NFYA,18044,Nfya
4801,NFYB,18045,Nfyb
4802,NFYC,18046,Nfyc
4807,NHLH1,18071,Nhlh1
4808,NHLH2,18072,Nhlh2
4821,NKX2-2,18088,Nkx2-2
4824,NKX3-1,18095,Nkx3-1
4825,NKX6-1,18096,Nkx6-1
4831,NME2,18103,Nme2
4841,NONO,53610,Nono
4848,CNOT2,72068,Cnot2
4849,CNOT3,232791,Cnot3
4850,CNOT4,---,---
4853,NOTCH2,18129,Notch2
4854,NOTCH3,18131,Notch3
4855,NOTCH4,18132,Notch4
4861,NPAS1,18142,Npas1
4862,NPAS2,18143,Npas2
4869,NPM1,434373,EG434373
4899,NRF1,18181,Nrf1
4901,NRL,18185,Nrl
4904,YBX1,22608,Ybx1
4929,NR4A2,18227,Nr4a2
4990,SIX6,20476,Six6
4999,ORC2L,18393,Orc2l
5013,OTX1,18423,Otx1
5015,OTX2,18424,Otx2
5017,OVOL1,18426,Ovol1
5036,PA2G4,18813,Pa2g4
5073,PARN,74108,Parn
5074,PAWR,114774,Pawr
5075,PAX1,18503,Pax1
5076,PAX2,18504,Pax2
5077,PAX3,18505,Pax3
5078,PAX4,18506,Pax4
5079,PAX5,18507,Pax5
5080,PAX6,18508,Pax6
5081,PAX7,18509,Pax7
5083,PAX9,18511,Pax9
5087,PBX1,18514,Pbx1
5089,PBX2,18515,Pbx2
5090,PBX3,18516,Pbx3
5092,PCBD1,13180,Pcbd1
5178,PEG3,18616,Peg3
5187,PER1,18626,Per1
5241,PGR,18667,Pgr
5252,PHF1,21652,Phf1
5253,PHF2,18676,Phf2
5307,PITX1,18740,Pitx1
5308,PITX2,18741,Pitx2
5309,PITX3,18742,Pitx3
5316,PKNOX1,18771,Pknox1
5324,PLAG1,56711,Plag1
5325,PLAGL1,---,---
5326,PLAGL2,54711,Plagl2
5356,PLRG1,53317,Plrg1
5371,PML,18854,Pml
5378,PMS1,227099,Pms1
5387,PMS2L3,---,---
5396,PRRX1,18933,Prrx1
5411,PNN,18949,Pnn
5430,POLR2A,20020,Polr2a
5431,POLR2B,231329,Polr2b
5432,POLR2C,20021,Polr2c
5433,POLR2D,69241,Polr2d
5434,POLR2E,66420,Polr2e
5435,POLR2F,69833,Polr2f
5436,POLR2G,67710,Polr2g
5437,POLR2H,245841,Polr2h
5438,POLR2I,69920,Polr2i
5439,POLR2J,20022,Polr2j
5440,POLR2K,17749,Polr2k
5441,POLR2L,100043714,ENSMUSG00000074846
5449,POU1F1,18736,Pou1f1
5450,POU2AF1,18985,Pou2af1
5451,POU2F1,18986,Pou2f1
5452,POU2F2,18987,Pou2f2
5453,POU3F1,18991,Pou3f1
5454,POU3F2,18992,Pou3f2
5455,POU3F3,18993,Pou3f3
5456,POU3F4,18994,Pou3f4
5457,POU4F1,18996,Pou4f1
5458,POU4F2,18997,Pou4f2
5459,POU4F3,18998,Pou4f3
5460,POU5F1,18999,Pou5f1
5462,POU5F1P1,---,---
5463,POU6F1,19009,Pou6f1
5465,PPARA,19013,Ppara
5467,PPARD,19015,Ppard
5468,PPARG,19016,Pparg
5469,PPARBP,19014,Med1
5610,EIF2AK2,19106,Eif2ak2
5626,PROP1,19127,Prop1
5629,PROX1,19130,Prox1
5757,PTMA,100043740,ENSMUSG00000068659
5813,PURA,19290,Pura
5888,RAD51,19361,Rad51
5890,RAD51L1,19363,Rad51l1
5914,RARA,19401,Rara
5915,RARB,218772,Rarb
5916,RARG,19411,Rarg
5925,RB1,19645,Rb1
5926,ARID4A,238247,Arid4a
5927,JARID1A,214899,Jarid1a
5928,RBBP4,19646,Rbbp4
5931,RBBP7,245688,Rbbp7
5933,RBL1,19650,Rbl1
5934,RBL2,19651,Rbl2
5966,REL,19696,Rel
5970,RELA,19697,Rela
5971,RELB,19698,Relb
5976,UPF1,19704,Upf1
5977,DPF2,19708,Dpf2
5978,REST,19712,Rest
5981,RFC1,19687,Rfc1
5987,RFP,19720,Trim27
5989,RFX1,19724,Rfx1
5990,RFX2,19725,Rfx2
5991,RFX3,19726,Rfx3
5992,RFX4,71137,Rfx4
5993,RFX5,53970,Rfx5
5994,RFXAP,170767,Rfxap
6015,RING1,19763,Ring1
6018,RLF,109263,Rlf
6045,RNF2,19821,Rnf2
6047,RNF4,19822,Rnf4
6049,RNF6,74132,Rnf6
6095,RORA,19883,Rora
6096,RORB,225998,Rorb
6097,RORC,19885,Rorc
6239,RREB1,68750,Rreb1
6256,RXRA,20181,Rxra
6257,RXRB,20182,Rxrb
6258,RXRG,20183,Rxrg
6294,SAFB,224903,Safb
6297,SALL2,50524,Sall2
6299,SALL1,58198,Sall1
6304,SATB1,20230,Satb1
6322,SCML1,---,---
6421,SFPQ,71514,Sfpq
6426,SFRS1,110809,Sfrs1
6427,SFRS2,20382,Sfrs2
6428,SFRS3,20383,Sfrs3
6430,SFRS5,20384,Sfrs5
6431,SFRS6,67996,Sfrs6
6433,SFRS8,231769,Sfrs8
6473,SHOX1,---,---
6474,SHOX2,20429,Shox2
6492,SIM1,20464,Sim1
6493,SIM2,20465,Sim2
6495,SIX1,20471,Six1
6496,SIX3,20473,Six3
6497,SKI,20481,Ski
6498,SKIL,20482,Skil
6591,SNAI2,20583,Snai2
6594,SMARCA1,93761,Smarca1
6595,SMARCA2,67155,Smarca2
6596,SMARCA3,20585,Hltf
6597,SMARCA4,20586,Smarca4
6598,SMARCB1,20587,Smarcb1
6599,SMARCC1,20588,Smarcc1
6601,SMARCC2,68094,Smarcc2
6602,SMARCD1,83797,Smarcd1
6603,SMARCD2,83796,Smarcd2
6604,SMARCD3,66993,Smarcd3
6605,SMARCE1,57376,Smarce1
6615,SNAI1,20613,Snai1
6617,SNAPC1,75627,Snapc1
6618,SNAPC2,102209,Snapc2
6619,SNAPC3,77634,Snapc3
6621,SNAPC4,227644,Snapc4
6628,SNRPB,20638,Snrpb
6632,SNRPD1,20641,Snrpd1
6650,SOLH,50817,Solh
6656,SOX1,20664,Sox1
6657,SOX2,20674,Sox2
6658,SOX3,20675,Sox3
6659,SOX4,20677,Sox4
6660,SOX5,20678,Sox5
6662,SOX9,20682,Sox9
6663,SOX10,20665,Sox10
6664,SOX11,20666,Sox11
6665,SOX15,20670,Sox15
6666,SOX12,20667,Sox12
6667,SP1,20683,Sp1
6668,SP2,78912,Sp2
6670,SP3,20687,Sp3
6671,SP4,20688,Sp4
6672,SP100,---,---
6688,SPI1,20375,Sfpi1
6689,SPIB,272382,Spib
6720,SREBF1,20787,Srebf1
6721,SREBF2,20788,Srebf2
6722,SRF,20807,Srf
6736,SRY,21674,Sry
6737,TRIM21,20821,Trim21
6741,SSB,20823,Ssb
6749,SSRP1,20833,Ssrp1
6756,SSX1,387132,Ssxb2
6757,SSX2,727837,SSX2B
6758,SSX5,387131,Ssxb9
6759,SSX4,---,---
6772,STAT1,20846,Stat1
6773,STAT2,20847,Stat2
6774,STAT3,20848,Stat3
6775,STAT4,20849,Stat4
6776,STAT5A,20850,Stat5a
6777,STAT5B,20851,Stat5b
6778,STAT6,20852,Stat6
6827,SUPT4H1,20922,Supt4h1
6829,SUPT5H,20924,Supt5h
6830,SUPT6H,20926,Supt6h
6862,T,20997,T
6871,TADA2L,217031,Tada2l
6872,TAF1,270627,Taf1
6874,TAF4,228980,Taf4a
6875,TAF4B,72504,Taf4b
6877,TAF5,226182,Taf5
6878,TAF6,21343,Taf6
6879,TAF7,24074,Taf7
6880,TAF9,108143,Taf9
6881,TAF10,24075,Taf10
6882,TAF11,68776,Taf11
6883,TAF12,66464,Taf12
6884,TAF13,99730,Taf13
6886,TAL1,21349,Tal1
6887,TAL2,21350,Tal2
6894,TARBP1,---,---
6895,TARBP2,21357,Tarbp2
6899,TBX1,21380,Tbx1
6907,TBL1X,21372,Tbl1x
6908,TBP,21374,Tbp
6909,TBX2,21385,Tbx2
6910,TBX5,21388,Tbx5
6911,TBX6,21389,Tbx6
6913,TBX15,21384,Tbx15
6917,TCEA1,21399,Tcea1
6919,TCEA2,21400,Tcea2
6920,TCEA3,21401,Tcea3
6921,TCEB1,67923,Tceb1
6923,TCEB2,67673,Tceb2
6924,TCEB3,27224,Tceb3
6925,TCF4,21413,Tcf4
6926,TBX3,21386,Tbx3
6927,TCF1,21405,Hnf1a
6928,TCF2,21410,Hnf1b
6929,TCF3,21423,Tcfe2a
6932,TCF7,21414,Tcf7
6934,TCF7L2,21416,Tcf7l2
6935,TCF8,21417,Zeb1
6936,C2orf3,330361,AW146020
6938,TCF12,21406,Tcf12
6939,TCF15,21407,Tcf15
6940,ZNF354A,21408,Zfp354a
6941,TCF19,106795,Tcf19
6942,TCF20,21411,Tcf20
6943,TCF21,21412,Tcf21
6945,MLX,21428,Mlx
6949,TCOF1,21453,Tcof1
7003,TEAD1,21676,Tead1
7004,TEAD4,21679,Tead4
7005,TEAD3,21678,Tead3
7008,TEF,21685,Tef
7020,TFAP2A,21418,Tcfap2a
7021,TFAP2B,21419,Tcfap2b
7022,TFAP2C,21420,Tcfap2c
7023,TFAP4,83383,Tcfap4
7024,TFCP2,21422,Tcfcp2
7025,NR2F1,13865,Nr2f1
7026,NR2F2,11819,Nr2f2
7027,TFDP1,21781,Tfdp1
7029,TFDP2,211586,Tfdp2
7030,TFE3,209446,Tcfe3
7041,TGFB1I1,21804,Tgfb1i1
7050,TGIF,21815,Tgif1
7067,THRA,21833,Thra
7068,THRB,21834,Thrb
7071,KLF10,21847,Klf10
7073,TIAL1,21843,Tial1
7080,TITF1,21869,Nkx2-1
7088,TLE1,21885,Tle1
7089,TLE2,21886,Tle2
7090,TLE3,21887,Tle3
7101,NR2E1,21907,Nr2e1
7110,TMF1,232286,Tmf1
7128,TNFAIP3,21929,Tnfaip3
7155,TOP2B,21974,Top2b
7157,TP53,22059,Trp53
7158,TP53BP1,27223,Trp53bp1
7161,TP73,22062,Trp73
7181,NR2C1,22025,Nr2c1
7182,NR2C2,22026,Nr2c2
7205,TRIP6,22051,Trip6
7227,TRPS1,83925,Trps1
7251,TSG101,22088,Tsg101
7289,TULP3,22158,Tulp3
7290,HIRA,15260,Hira
7291,TWIST1,22160,Twist1
7342,UBP1,22221,Ubp1
7343,UBTF,21429,Ubtf
7376,NR1H2,22260,Nr1h2
7391,USF1,22278,Usf1
7392,USF2,22282,Usf2
7421,VDR,22337,Vdr
7428,VHL,22346,Vhl
7468,WHSC1,107823,Whsc1
7469,WHSC2,24116,Whsc2
7490,WT1,22431,Wt1
7494,XBP1,22433,Xbp1
7508,XPC,22591,Xpc
7517,XRCC3,74335,Xrcc3
7520,XRCC5,22596,Xrcc5
7528,YY1,22632,Yy1
7536,SF1,22668,Sf1
7538,ZFP36,22695,Zfp36
7539,ZFP37,22696,Zfp37
7541,ZFP161,22666,Zfp161
7542,ZFPL1,81909,Zfpl1
7543,ZFX,22764,Zfx
7544,ZFY,---,---
7545,ZIC1,22771,Zic1
7546,ZIC2,22772,Zic2
7547,ZIC3,22773,Zic3
7549,ZNF2,72180,Zfp661
7551,ZNF3,56314,Zfp113
7552,ZNF6,245595,Zfp711
7553,ZNF7,223669,Zfp7
7554,ZNF8,243833,Zfp128
7555,ZNF9,12785,Cnbp
7556,ZNF10,---,---
7558,ZNF11B,---,---
7559,ZNF12,231866,Zfp12
7561,ZNF14,236193,Zfp709
7562,ZNF708,---,---
7564,ZNF16,---,---
7565,ZNF17,232854,Zfp418
7566,ZNF18,52712,Zkscan6
7567,ZNF19,---,---
7568,ZNF20,---,---
7569,ZNF21,319535,Zfp182
7570,ZNF22,67255,Zfp422
7571,ZNF23,234725,Zfp612
7572,ZNF24,59057,Zfp191
7574,ZNF26,---,---
7575,ZNF27,---,---
7577,ZNF29,---,---
7580,ZNF32,232337,Zfp637
7581,ZNF33A,---,---
7584,ZNF35,22646,Zfp105
7586,ZKSCAN1,74570,Zkscan1
7587,ZNF37A,---,---
7589,ZNF38,22697,Zscan21
7592,ZNF41,---,---
7593,ZNF42,109889,Mzf1
7594,ZNF43,238690,Zfp458
7596,ZNF45,---,---
7597,ZBTB25,109929,Zbtb25
7621,ZNF70,---,---
7625,ZNF74,---,---
7626,ZNF75,---,---
7627,ZNF75A,---,---
7629,ZNF76,224656,Zfp523
7633,ZNF79,---,---
7634,ZNF80,---,---
7637,ZNF84,---,---
7638,ZNF221,---,---
7639,ZNF85,432769,Zfp708
7643,ZNF90,---,---
7644,ZNF91,---,---
7670,ZNF117,---,---
7673,ZNF222,---,---
7675,ZNF121,---,---
7678,ZNF124,235956,Zfp825
7690,ZNF131,72465,Zfp131
7691,ZNF132,---,---
7692,ZNF133,---,---
7693,ZNF134,---,---
7694,ZNF135,665001,OTTMUSG00000016543
7695,ZNF136,---,---
7696,ZNF137,---,---
7697,ZNF138,---,---
7699,ZNF140,---,---
7700,ZNF141,434178,BC063263
7701,ZNF142,77264,Zfp142
7702,ZNF143,20841,Zfp143
7703,PCGF2,22658,Pcgf2
7704,ZBTB16,235320,Zbtb16
7705,ZNF146,26465,Zfp146
7706,TRIM25,217069,Trim25
7707,ZNF148,22661,Zfp148
7709,ZBTB17,22642,Zbtb17
7710,ZNF154,---,---
7711,ZNF155,---,---
7712,ZNF157,72154,Zfp157
7716,ZNF161,22344,Vezf1
7718,ZNF165,---,---
7727,ZNF174,385674,Zfp174
7728,ZNF175,69930,Zfp715
7730,ZNF177,---,---
7733,ZNF180,210135,Zfp180
7738,ZNF184,193452,Zfp184
7741,ZNF187,432731,Zfp187
7743,ZNF189,230162,Zfp189
7745,ZNF192,93681,Zfp192
7746,ZNF193,---,---
7748,ZNF195,---,---
7750,ZNF198,76007,Zmym2
7752,ZNF200,---,---
7753,ZNF202,80902,Zfp202
7755,ZNF205,22654,Zfp13
7756,ZNF207,22680,Zfp207
7757,ZNF208,---,---
7760,ZNF213,449521,Zfp213
7761,ZNF214,---,---
7762,ZNF215,---,---
7764,ZNF217,228913,Zfp217
7766,ZNF223,---,---
7767,ZNF224,---,---
7768,ZNF225,---,---
7769,ZNF226,---,---
7770,ZNF227,56707,Zfp111
7771,ZNF228,57745,Zfp112
7772,ZNF229,381067,BC043476
7773,ZNF230,---,---
7775,ZNF232,---,---
7776,ZNF236,329002,Zfp236
7799,PRDM2,110593,Prdm2
7812,CSDE1,229663,Csde1
7832,BTG2,12227,Btg2
7849,PAX8,18510,Pax8
7862,BRPF1,78783,Brpf1
7913,DEK,110052,Dek
7936,RDBP,27632,Rdbp
7942,TFEB,21425,Tcfeb
7975,MAFK,17135,Mafk
7988,ZNF212,232784,Zfp212
7994,MYST3,244349,Myst3
8013,NR4A3,18124,Nr4a3
8022,LHX3,16871,Lhx3
8028,MLLT10,17354,Mllt10
8031,NCOA4,27057,Ncoa4
8048,CSRP3,13009,Csrp3
8061,FOSL1,14283,Fosl1
8085,MLL2,381022,Mll2
8087,FXR1,14359,Fxr1
8089,YEATS4,64050,Yeats4
8091,HMGA2,15364,Hmga2
8092,CART1,216285,Alx1
8110,DPF3,70127,Dpf3
8148,TAF15,70439,Taf15
8161,COIL,12812,Coil
8178,ELL,13716,Ell
8187,ZNF239,22685,Zfp239
8193,DPF1,29861,Dpf1
8202,NCOA3,17979,Ncoa3
8204,NRIP1,268903,Nrip1
8216,LZTR1,66863,Lztr1
8227,RP13-297E16.1,---,---
8242,SMCX,20591,Jarid1c
8284,SMCY,20592,Jarid1d
8289,ARID1A,93760,Arid1a
8295,TRRAP,100683,Trrap
8320,EOMES,13813,Eomes
8328,GFI1B,14582,Gfi1b
8339,HIST1H2BG,---,---
8341,HIST1H2BN,319178,Hist1h2bb
8344,HIST1H2BE,---,---
8345,HIST1H2BH,---,---
8347,HIST1H2BC,319182,Hist1h2bh
8349,HIST2H2BE,---,---
8403,SOX14,20669,Sox14
8427,ZNF282,101095,Zfp282
8431,NR0B2,23957,Nr0b2
8433,UTF1,22286,Utf1
8456,FOXN1,15218,Foxn1
8458,TTF2,74044,Ttf2
8462,KLF11,194655,Klf11
8463,TEAD2,21677,Tead2
8464,SUPT3H,109115,Supt3h
8467,SMARCA5,93762,Smarca5
8517,IKBKG,16151,Ikbkg
8521,GCM1,14531,Gcm1
8531,CSDA,56449,Csda
8535,CBX4,12418,Cbx4
8538,BARX2,12023,Barx2
8543,LMO4,16911,Lmo4
8544,PIR,69656,Pir
8548,BLZF1,66352,Blzf1
8553,BHLHB2,20893,Bhlhb2
8554,PIAS1,56469,Pias1
8570,KHSRP,---,---
8572,PDLIM4,30794,Pdlim4
8607,RUVBL1,56505,Ruvbl1
8609,KLF7,93691,Klf7
8625,RFXANK,19727,Rfxank
8626,TP73L,22061,Trp63
8629,JRK,16469,Jrk
8648,NCOA1,17977,Ncoa1
8683,SFRS9,108014,Sfrs9
8721,EDF1,59022,Edf1
8725,C19orf2,19777,C80913
8726,EED,13626,Eed
8804,CREG1,433375,Creg1
8805,TRIM24,21848,Trim24
8819,SAP30,60406,Sap30
8820,HESX1,15209,Hesx1
8841,HDAC3,15183,Hdac3
8848,TSC22D1,21807,Tsc22d1
8850,PCAF,18519,Kat2b
8856,NR1I2,18171,Nr1i2
8861,LDB1,16825,Ldb1
8863,PER3,18628,Per3
8864,PER2,18627,Per2
8880,FUBP1,51886,Fubp1
8896,BUD31,---,---
8899,PRPF4B,19134,Prpf4b
8914,TIMELESS,21853,Timeless
8928,FOXH1,14106,Foxh1
8929,PHOX2B,18935,Phox2b
8932,MBD2,17191,Mbd2
8939,FUBP3,320267,Fubp3
8970,HIST1H2BJ,---,---
8971,H1FX,243529,H1fx
8994,LIMD1,29806,Limd1
9013,TAF1C,21341,Taf1c
9014,TAF1B,21340,Taf1b
9015,TAF1A,21339,Taf1a
9031,BAZ1B,22385,Baz1b
9044,BTAF1,107182,Btaf1
9049,AIP,11632,Aip
9063,PIAS2,17344,Pias2
9070,ASH2L,23808,Ash2l
9079,LDB2,16826,Ldb2
9084,VCY,353513,VCY1B
9095,TBX19,83993,Tbx19
9096,TBX18,76365,Tbx18
9111,NMI,64685,Nmi
9112,MTA1,116870,Mta1
9124,PDLIM1,54132,Pdlim1
9139,CBFA2T2,12396,Cbfa2t2
9150,CTDP1,67655,Ctdp1
9191,DEDD,21945,Dedd
9208,LRRFIP1,---,---
9214,FAIM3,69169,Faim3
9219,MTA2,23942,Mta2
9232,PTTG1,30939,Pttg1
9242,MSC,17681,Msc
9247,GCM2,107889,Gcm2
9278,ZBTB22,81630,Zbtb22
9282,CRSP2,26896,Med14
9310,ZNF235,56525,Zfp235
9314,KLF4,16600,Klf4
9318,COPS2,12848,Cops2
9319,TRIP13,69716,Trip13
9321,TRIP11,109181,Trip11
9324,HMGN3,94353,Hmgn3
9325,TRIP4,56404,Trip4
9326,ZNHIT3,448850,Znhit3
9328,GTF3C5,70239,Gtf3c5
9329,GTF3C4,269252,Gtf3c4
9330,GTF3C3,98488,Gtf3c3
9337,CNOT8,69125,Cnot8
9338,TCEAL1,237052,Tceal1
9355,LHX2,16870,Lhx2
9406,ZNF265,53861,Zranb2
9412,SURB7,108098,Med21
9421,HAND1,15110,Hand1
9422,ZNF264,---,---
9439,CRSP3,70208,Med23
9440,CRSP6,234959,Med17
9441,CRSP7,70625,Med26
9442,CRSP8,68975,Med27
9443,CRSP9,171285,Havcr2
9457,FHL5,57756,Fhl5
9464,HAND2,15111,Hand2
9477,TRFP,56771,Med20
9480,ONECUT2,225631,Onecut2
9496,TBX4,21387,Tbx4
9513,FXR2,23879,Fxr2
9519,TBPL1,237336,Tbpl1
9533,POLR1C,20016,Rpo1-1
9534,ZNF254,---,---
9569,GTF2IRD1,57080,Gtf2ird1
9572,NR1D1,217166,Nr1d1
9575,CLOCK,12753,Clock
9580,SOX13,20668,Sox13
9584,RNPC2,170791,Rbm39
9586,CREB5,---,---
9603,NFE2L3,18025,Nfe2l3
9604,RNF14,56736,Rnf14
9611,NCOR1,20185,Ncor1
9612,NCOR2,20602,Ncor2
9640,ZNF592,233410,Zfp592
9646,SH2BP1,22083,Ctr9
9667,SAFB2,224902,Safb2
9668,ZNF432,---,---
9669,EIF5B,226982,Eif5b
9678,PHF14,75725,Phf14
9682,JMJD2A,230674,Jmjd2a
9689,BZW1,---,---
9700,ESPL1,105988,Espl1
9705,ST18,240690,St18
9726,ZNF646,233905,Zfp646
9734,HDAC9,79221,Hdac9
9735,KNTC1,208628,Kntc1
9753,ZNF96,---,---
9757,MLL4,75410,Wbp7
9759,HDAC4,208727,Hdac4
9760,TOX,252838,Tox
9767,PHF16,382207,Phf16
9774,BCLAF1,72567,Bclaf1
9782,MATR3,17184,Matr3
9785,DHX38,64340,Dhx38
9792,SERTAD2,58172,Sertad2
9794,MAML1,103806,Maml1
9802,DAZAP2,23994,Dazap2
9819,TSC22D2,72033,Tsc22d2
9831,ZNF623,78834,Zfp623
9839,ZFHX1B,24136,Zeb2
9841,ZBTB24,268294,Zbtb24
9878,C14orf92,268741,Tox4
9880,ZBTB39,320080,Zbtb39
9913,SUPT7L,72195,Supt7l
9915,ARNT2,11864,Arnt2
9923,ZBTB40,230848,Zbtb40
9925,ZBTB5,230119,Zbtb5
9931,HELZ,78455,Helz
9935,MAFB,16658,Mafb
9967,THRAP3,230753,Thrap3
9968,MED12,59024,Med12
9969,THRAP1,327987,Med13
9970,NR1I3,12355,Nr1i3
9971,NR1H4,20186,Nr1h4
9975,NR1D2,353187,Nr1d2
9988,DMTF1,23857,Dmtf1
10001,MED6,69792,Med6
10002,NR2E3,23958,Nr2e3
10009,ZBTB33,56805,Zbtb33
10014,HDAC5,15184,Hdac5
10025,THRAP5,216154,Med16
10036,CHAF1A,27221,Chaf1a
10042,HMG2L1,70823,Hmgb2l1
10062,NR1H3,22259,Nr1h3
10084,PQBP1,54633,Pqbp1
10113,PREB,50907,Preb
10127,ZNF263,74120,Zfp263
10138,YAF2,67057,Yaf2
10140,TOB1,22057,Tob1
10147,SFRS14,234373,Sfrs14
10153,CEBPZ,12607,Cebpz
10155,TRIM28,21849,Trim28
10168,ZNF197,---,---
10172,ZNF256,---,---
10179,RBM7,67010,Rbm7
10189,THOC4,21681,Thoc4
10194,TSHZ1,110796,Tshz1
10210,TOPORS,106021,Topors
10214,SSX3,6757,SSX2
10215,OLIG2,50913,Olig2
10217,CTDSPL,69274,Ctdspl
10224,ZNF443,---,---
10236,HNRPR,74326,Hnrnpr
10250,SRRM1,51796,Srrm1
10260,DENND4A,102442,Dennd4a
10265,IRX5,54352,Irx5
10284,SAP18,20220,Sap18
10302,SNAPC5,330959,Snapc5
10308,ZNF267,---,---
10320,ZNFN1A1,22778,Ikzf1
10346,TRIM22,---,---
10361,NPM2,328440,Npm2
10362,HMG20B,15353,Hmg20b
10363,HMG20A,66867,Hmg20a
10365,KLF2,16598,Klf2
10370,CITED2,17684,Cited2
10379,ISGF3G,16391,Irf9
10389,SCML2,107815,Scml2
10401,PIAS3,229615,Pias3
10432,RBM14,56275,Rbm14
10438,C1D,---,---
10456,HAX1,23897,Hax1
10472,ZNF238,30928,Zfp238
10473,HMGN4,100039489,LOC100039489
10474,TADA3L,101206,Tada3l
10481,HOXB13,15408,Hoxb13
10488,CREB3,12913,Creb3
10499,NCOA2,17978,Ncoa2
10514,MYBBP1A,18432,Mybbp1a
10520,ZNF211,---,---
10522,DEAF1,54006,Deaf1
10524,HTATIP,81601,Kat5
10538,BATF,53314,Batf
10553,HTATIP2,53415,Htatip2
10589,DRAP1,66556,Drap1
10608,MXD4,17122,Mxd4
10614,HEXIM1,192231,Hexim1
10616,C20orf18,24105,Rbck1
10620,ARID3B,56380,Arid3b
10621,POLR3F,70408,Polr3f
10623,POLR3C,74414,Polr3c
10625,IVNS1ABP,117198,Ivns1abp
10626,TRIM16,94092,Trim16
10629,TAF6L,225895,Taf6l
10636,RGS14,51791,Rgs14
10655,DMRT2,226049,Dmrt2
10657,KHDRBS1,20218,Khdrbs1
10660,LBX1,16814,Lbx1
10661,KLF1,16596,Klf1
10664,CTCF,13018,Ctcf
10691,GMEB1,56809,Gmeb1
10716,TBR1,21375,Tbr1
10725,NFAT5,54446,Nfat5
10732,TCFL5,277353,Tcfl5
10736,SIX2,20472,Six2
10743,RAI1,19377,Rai1
10745,PHTF1,18685,Phtf1
10765,JARID1B,75605,Jarid1b
10771,ZMYND11,66505,Zmynd11
10772,FUSIP1,642558,LOC642558
10773,ZBTB6,241322,Zbtb6
10778,ZNF271,---,---
10780,ZNF234,240034,Zfp760
10781,ZNF266,---,---
10782,ZNF274,65020,Zfp110
10793,ZNF273,---,---
10794,ZNF272,---,---
10795,ZNF268,22688,Zfp26
10838,ZNF275,27081,Zfp275
10847,SRCAP,100043597,LOC100043597
10856,RUVBL2,20174,Ruvbl2
10891,PPARGC1A,19017,Ppargc1a
10902,BRD8,---,---
10914,PAPOLA,18789,Papola
10915,TCERG1,56070,Tcerg1
10919,EHMT2,110147,Ehmt2
10921,RNPS1,19826,Rnps1
10923,SUB1,20024,Sub1
10929,SFRS2B,---,---
10934,MORF4,---,---
10943,MSL3L1,17692,Msl31
10973,ASCC3,77987,Ascc3
10987,COPS5,26754,Cops5
11016,ATF7,223922,Atf7
11017,RY1,66618,2610209M04Rik
11023,VAX1,22326,Vax1
11036,ALF,71828,Gtf2a1l
11059,WWP1,107568,Wwp1
11063,SOX30,214105,Sox30
11064,CEP110,---,---
11074,TRIM31,224762,Trim31
11077,HSF2BP,74377,Hsf2bp
11083,DIDO1,23856,Dido1
11100,HNRPUL1,232989,Hnrnpul1
11105,PRDM7,---,---
11107,PRDM5,70779,Prdm5
11108,PRDM4,72843,Prdm4
11128,POLR3A,218832,Polr3a
11129,SFRS16,53609,Sfrs16
11137,PWP1,103136,Pwp1
11143,MYST2,217127,Myst2
11166,SOX21,223227,Sox21
11168,PSIP1,101739,Psip1
11169,WDHD1,218973,Wdhd1
11177,BAZ1A,217578,Baz1a
11178,LZTS1,211134,Lzts1
11179,ZNF277,246196,Zfp277
11189,TNRC4,78784,Tnrc4
11198,SUPT16H,114741,Supt16h
11218,DDX20,53975,Ddx20
11244,ZHX1,22770,Zhx1
11262,SP140,434484,Sp140
11278,KLF12,16597,Klf12
11279,KLF8,245671,Klf8
11281,POU6F2,218030,Pou6f2
11317,RBPSUHL,19668,Rbpjl
11319,ECD,70601,Ecd
11331,PHB2,12034,Phb2
11335,CBX3,12417,Cbx3
22797,TFEC,21426,Tcfec
22806,ZNFN1A3,22780,Ikzf3
22807,ZNFN1A2,22779,Ikzf2
22809,ATF5,107503,Atf5
22823,MTF2,17765,Mtf2
22828,RBM16,---,---
22830,ZNF409,---,---
22835,ZFP30,22693,Zfp30
22847,ZNF507,668501,zfp507
22850,KIAA0863,240442,Adnp2
22869,ZNF510,---,---
22877,MLXIP,208104,Mlxip
22881,ANKRD6,140577,Ankrd6
22882,ZHX2,387609,Zhx2
22887,FOXJ3,230700,Foxj3
22890,ZBTB1,268564,Zbtb1
22926,ATF6,226641,Atf6
22927,HABP4,56541,Habp4
22933,SIRT2,64383,Sirt2
22936,ELL2,192657,Ell2
22938,SNW1,---,---
22947,DUX4,728410,LOC728410
22954,TRIM32,69807,Trim32
22955,SCMH1,29871,Scmh1
22982,DIP2C,208440,Dip2c
22984,PDCD11,18572,Pdcd11
22992,FBXL11,225876,Fbxl11
22993,KIAA0194,106894,A630042L21Rik
23013,SPEN,56381,Spen
23030,JMJD2B,193796,Jmjd2b
23036,ZNF292,30046,Zfp292
23040,MYT1L,17933,Myt1l
23051,ZHX3,320799,Zhx3
23054,NCOA6,56406,Ncoa6
23081,JMJD2C,76804,Jmjd2c
23090,ZNF423,94187,Zfp423
23099,ZBTB43,71834,Zbtb43
23102,TBC1D2B,67016,Tbc1d2b
23119,HIC2,58180,Hic2
23133,PHF8,320595,Phf8
23152,CIC,71722,Cic
23211,C19orf7,---,---
23294,ANKS1A,224650,Anks1
23309,SIN3B,20467,Sin3b
23314,SATB2,212712,Satb2
23316,CUTL2,13048,Cux2
23338,PHF15,76901,Phf15
23373,CRTC1,382056,Crtc1
23394,ADNP,11538,Adnp
23408,SIRT5,68346,Sirt5
23409,SIRT4,75387,Sirt4
23410,SIRT3,64384,Sirt3
23411,SIRT1,93759,Sirt1
23414,ZFPM2,22762,Zfpm2
23429,RYBP,56353,Rybp
23435,TARDBP,230908,Tardbp
23462,HEY1,15213,Hey1
23466,CBX6,494448,Cbx6
23469,PHF3,213109,Phf3
23492,CBX7,52609,Cbx7
23493,HEY2,15214,Hey2
23512,SUZ12,52615,Suz12
23522,MYST4,---,---
23528,ZNF281,226442,Zfp281
23541,SEC14L2,67815,Sec14l2
23543,RBM9,93686,Rbm9
23598,ZNF278,56218,Patz1
23619,ZIM2,---,---
23626,SPO11,26972,Spo11
23635,SSBP2,66970,Ssbp2
23648,SSBP3,72475,Ssbp3
23650,TRIM29,---,---
23660,ZFP95,22757,Zkscan5
23764,MAFF,17133,Maff
23774,BRD1,---,---
25771,TBC1D22A,223754,Tbc1d22a
25788,RAD54B,623474,E130016E03Rik
25793,FBXO7,69754,Fbxo7
25799,ZNF324,243834,Zfp324
25803,SPDEF,30051,Spdef
25806,VAX2,24113,Vax2
25819,CCRN4L,12457,Ccrn4l
25833,POU2F3,18988,Pou2f3
25850,ZNF345,---,---
25885,POLR1A,20019,Rpo1-4
25888,ZNF473,243963,Zfp473
25897,RNF19,30945,Rnf19a
25909,AHCTF1,226747,Ahctf1
25920,COBRA1,58202,Cobra1
25937,WWTR1,97064,Wwtr1
25942,SIN3A,20466,Sin3a
25946,ZNF385,29813,Zfp385a
25959,ANKRD25,235041,Kank2
25988,MIZF,102423,Mizf
26009,ZZZ3,108946,Zzz3
26013,L3MBTL,241764,L3mbtl
26036,ZNF451,98403,Zfp451
26038,CHD5,269610,Chd5
26039,SS18L1,269397,Ss18l1
26040,SETBP1,240427,Setbp1
26048,ZNF500,---,---
26064,RAI14,75646,Rai14
26108,PYGO1,72135,Pygo1
26137,ZBTB20,56490,Zbtb20
26145,IRF2BP1,272359,Irf2bp1
26147,PHF19,74016,Phf19
26152,ZNF337,---,---
26205,GMEB2,229004,Gmeb2
26257,NKX2-8,18094,Nkx2-9
26287,ANKRD2,56642,Ankrd2
26292,MYCBP,56309,Mycbp
26298,EHF,13661,Ehf
26468,LHX6,16874,Lhx6
26471,P8,56312,Nupr1
26508,HEYL,56198,Heyl
26574,AATF,56321,Aatf
26582,DUX3,---,---
26959,HBP1,73389,Hbp1
26974,ZNF285,---,---
27000,ZRF1,22791,Dnajc2
27022,FOXD3,15221,Foxd3
27023,FOXB1,64290,Foxb1
27033,ZBTB32,58206,Zbtb32
27044,SND1,56463,Snd1
27063,ANKRD1,107765,Ankrd1
27086,FOXP1,108655,Foxp1
27097,TAF5L,102162,Taf5l
27107,ZBTB11,271377,Zbtb11
27125,AFF4,93736,Aff4
27154,BRPF3,268936,Brpf3
27164,SALL3,20689,Sall3
27254,CSDC2,105859,Csdc2
27287,VENTX,---,---
27288,HNRNPG-T,76572,Rbmxl2
27300,ZNF544,---,---
27316,RBMX,19655,Rbmx
27324,TNRC9,244579,Tox3
27332,ZNF638,18139,Zfml
27336,HTATSF1,72459,Htatsf1
28996,HIPK2,---,---
28999,KLF15,66277,Klf15
29079,MED4,67381,Med4
29115,SAP30BP,57230,Sap30bp
29117,BRD7,26992,Brd7
29777,ABT1,30946,Abt1
29800,ZDHHC1,---,---
29841,GRHL1,195733,Grhl1
29842,TFCP2L1,81879,Tcfcp2l1
29844,TFPT,69714,Tfpt
29855,UBN1,170644,Ubn1
29883,CNOT7,18983,Cnot7
29890,RBM15B,---,---
29946,SERTAD3,170742,Sertad3
29947,DNMT3L,54427,Dnmt3l
29950,SERTAD1,55942,Sertad1
29956,LASS2,76893,Lass2
29982,NRBF2,641340,Nrbf2
29994,BAZ2B,407823,Baz2b
30009,TBX21,57765,Tbx21
30012,TLX3,27140,Tlx3
30062,RAX,19434,Rax
30812,SOX8,20681,Sox8
30813,VSX1,114889,Vsx1
30818,KCNIP3,56461,Kcnip3
30827,CXXC1,74322,Cxxc1
30832,ZNF354C,30944,Zfp354c
30834,ZNRD1,66136,Znrd1
30851,TAX1BP3,76281,Tax1bp3
49854,ZNF295,114565,Zfp295
50674,NEUROG3,11925,Neurog3
50804,MYEF2,17876,Myef2
50805,IRX4,50916,Irx4
50862,RNF141,67150,Rnf141
50943,FOXP3,20371,Foxp3
50945,TBX22,245572,Tbx22
51003,MED31,67279,Med31
51008,ASCC1,69090,Ascc1
51027,BOLA1,69168,Bola1
51042,ZNF593,68040,Zfp593
51043,ZBTB7B,22724,Zbtb7b
51082,POLR1D,20018,Rpo1-3
51085,MLXIPL,58805,Mlxipl
51087,YBX2,53422,Ybx2
51114,ZDHHC9,208884,Zdhhc9
51130,ASB3,65257,Asb3
51132,RNF12,19820,Rnf12
51147,ING4,28019,Ing4
51157,ZNF580,68992,Zfp580
51176,LEF1,16842,Lef1
51193,ZNF639,67778,Zfp639
51201,ZDHHC2,70546,Zdhhc2
51222,ZNF219,69890,Zfp219
51224,TCEB3B,---,---
51230,PHF20,228829,Phf20
51270,TFDP3,---,---
51274,KLF3,16599,Klf3
51276,ZNF571,210503,Zfp677
51282,SCAND1,19018,Scand1
51317,PHF21A,---,---
51341,ZBTB7A,16969,Zbtb7a
51385,ZNF589,---,---
51402,LW-1,100130086,LOC100130086
51427,ZNF588,---,---
51442,VGLL1,170828,Vgll1
51450,PRRX2,20204,Prrx2
51460,SFMBT1,54650,Sfmbt1
51497,TH1L,57314,Th1l
51513,ETV7,---,---
51533,PHF7,71838,Phf7
51545,ZNF581,---,---
51547,SIRT7,209011,Sirt7
51564,HDAC7A,56233,Hdac7
51586,PCQAP,94112,Med15
51588,PIAS4,59004,Pias4
51592,TRIM33,94093,Trim33
51616,TAF9B,728198,LOC728198
51621,KLF13,50794,Klf13
51665,ASB1,65247,Asb1
51666,ASB4,65255,Asb4
51684,SUFU,24069,Sufu
51710,ZNF44,---,---
51720,RAP80,20184,Uimc1
51728,POLR3K,67005,Polr3k
51729,WBP11,60321,Wbp11
51742,ARID4B,94246,Arid4b
51773,HBXAP,233532,Rsf1
51804,SIX4,20474,Six4
53335,BCL11A,14025,Bcl11a
53615,MBD3,17192,Mbd3
54014,BRWD1,93871,Brwd1
54503,ZDHHC13,243983,Zdhhc13
54556,ING3,71777,Ing3
54581,SCAND2,---,---
54620,FBXL19,233902,Fbxl19
54626,HES2,15206,Hes2
54737,HSMPP8,75339,Mphosph8
54738,FEV,260298,Fev
54807,ZNF586,---,---
54815,GATAD2A,234366,Gatad2a
54851,ANKRD49,56503,Ankrd49
54856,GON4L,76022,5830417I10Rik
54880,BCOR,71458,Bcor
54897,CASZ1,69743,Casz1
54904,WHSC1L1,234135,Whsc1l1
54925,ZNF434,---,---
54993,ZSCAN2,22691,Zscan2
55139,ANKZF1,52231,Ankzf1
55193,PB1,66923,Pbrm1
55274,PHF10,72057,Phf10
55311,ZNF444,72667,Zfp444
55320,C14orf106,217653,C79407
55422,ZNF331,---,---
55502,HES6,55927,Hes6
55509,SNFT,381319,Batf3
55534,MAML3,433586,Maml3
55552,HSZFP36,---,---
55553,SOX6,20679,Sox6
55608,ANKRD10,102334,Ankrd10
55625,ZDHHC7,102193,Zdhhc7
55628,ZNF407,240476,Zfp407
55629,PNRC2,100132235,LOC100132235
55634,ZNF673,---,---
55636,CHD7,320790,Chd7
55659,ZNF416,---,---
55662,HIF1AN,319594,Hif1an
55663,ZNF446,269870,Zfp446
55689,YEATS2,208146,Yeats2
55703,POLR3B,70428,Polr3b
55713,ZNF334,228876,Zfp334
55718,POLR3E,26939,Polr3e
55729,ATF7IP,54343,Atf7ip
55734,ZFP64,22722,Zfp64
55769,ZNF83,---,---
55802,DCP1A,75901,Dcp1a
55806,HR,15460,Hr
55809,TRERF1,224829,Trerf1
55810,FOXJ2,60611,Foxj2
55814,BDP1,544971,Bdp1
55869,HDAC8,70315,Hdac8
55870,ASH1L,192195,Ash1l
55885,LMO3,109593,Lmo3
55888,ZNF167,---,---
55892,MYNN,80732,Mynn
55893,ZNF395,---,---
55900,ZNF302,---,---
55904,MLL5,---,---
55922,NKRF,77286,Nkrf
55929,DMAP1,66233,Dmap1
56033,BARX1,12022,Barx1
56160,NDNL2,66647,Ndnl2
56242,ZNF253,---,---
56259,CTNNBL1,66642,Ctnnbl1
56311,ANKRD7,75196,Ankrd7
56342,PPAN,---,---
56676,ASCL3,56787,Ascl3
56731,SLC2A4RG,---,---
56751,BARHL1,54422,Barhl1
56903,PAPOLB,56522,Papolb
56911,C21orf7,---,---
56916,SMARCAD1,13990,Smarcad1
56917,MEIS3,17537,Meis3
56938,ARNTL2,272322,Arntl2
56949,XAB2,67439,Xab2
56956,LHX9,16876,Lhx9
56978,PRDM8,77630,Prdm8
56979,PRDM9,213389,Prdm9
56980,PRDM10,382066,Prdm10
56987,BBX,70508,Bbx
56995,TULP4,68842,Tulp4
56998,CTNNBIP1,67087,Ctnnbip1
57057,TBX20,57246,Tbx20
57109,REXO4,227656,Rexo4
57116,ZNF695,---,---
57117,INTS12,71793,Ints12
57167,SALL4,99377,Sall4
57169,ZNFX1,98999,Znfx1
57209,ZNF248,72720,Zfp248
57326,PBXIP1,229534,Pbxip1
57332,CBX8,30951,Cbx8
57335,ZNF286,192651,Zfp286
57336,ZNF287,170740,Zfp287
57343,ZNF304,---,---
57459,GATAD2B,229542,Gatad2b
57472,CNOT6,104625,Cnot6
57473,GM632,269401,Znf512b
57474,ZNF490,234358,D10627
57492,ARID1B,239985,Arid1b
57496,MKL2,239719,Mkl2
57504,MTA3,116871,Mta3
57541,ZNF398,272347,Zfp398
57547,ZNF624,100040944,LOC100040944
57567,ZNF319,79233,Zfp319
57573,ZNF471,330463,Zfp78
57585,CRAMP1L,57354,Cramp1l
57591,MKL1,223701,Mkl1
57593,RP5-860F19.3,228598,Ebf4
57594,KIAA1443,239099,Homez
57616,TSHZ3,243931,Tshz3
57621,ZBTB2,381990,Zbtb2
57634,EP400,75560,Ep400
57645,POGK,71592,Pogk
57649,PHF12,268448,Phf12
57658,CALCOCO1,67488,Calcoco1
57677,KIAA1559,243906,Zfp14
57680,CHD8,67772,Chd8
57684,ZBTB26,320633,Zbtb26
57693,ZNF317,244713,Zfp317
57727,NCOA5,228869,Ncoa5
57761,TRIB3,228775,Trib3
57763,ANKRA2,68558,Ankra2
57786,RBAK,57782,Rbak
57794,SF4,70616,Sf4
57798,GATAD1,67210,Gatad1
57801,HES4,---,---
57862,ZNF410,52708,Zfp410
58158,NEUROD4,11923,Neurod4
58487,ZF,233490,Crebzf
58491,ZNF71,---,---
58492,ZNF77,---,---
58495,OVOL2,107586,Ovol2
58499,ZNF462,242466,Zfp462
58500,ZNF250,239546,Zfp647
58506,SR-A1,233208,Scaf1
58508,MLL3,231051,Mll3
58524,DMRT3,240590,Dmrt3
59269,HIVEP3,16656,Hivep3
59335,PRDM12,381359,Prdm12
59336,PRDM13,230025,Prdm13
59348,ZNF350,---,---
60436,TGIF2,228839,Tgif2
60468,BACH2,---,---
60529,ALX4,11695,Alx4
63876,PKNOX2,208076,Pknox2
63925,ZNF335,329559,Zfp335
63926,ANKRD5,319196,Ankrd5
63946,DMRTC2,71241,Dmrtc2
63948,DMRTB1,56296,Dmrtb1
63951,DMRTA1,242523,Dmrta1
63973,NEUROG2,11924,Neurog2
63974,NEUROD6,11922,Neurod6
63976,PRDM16,70673,Prdm16
63978,PRDM14,383491,Prdm14
64067,NPAS3,27386,Npas3
64105,FKSG14,60411,Cenpk
64210,MMS19L,72199,Mms19
64211,LHX5,16873,Lhx5
64288,ZNF323,---,---
64321,SOX17,20671,Sox17
64324,NSD1,18193,Nsd1
64332,NFKBIZ,80859,Nfkbiz
64344,HIF3A,53417,Hif3a
64412,GZF1,74533,Gzf1
64425,POLR1E,64424,Polr1e
64429,ZDHHC6,66980,Zdhhc6
64641,EBF2,13592,Ebf2
64750,SMURF2,66313,Smurf2
64783,RBM15,229700,Rbm15
64843,ISL2,104360,Isl2
64864,RFXDC2,319758,Rfxdc2
64895,PAPOLG,216578,Papolg
64919,BCL11B,58208,Bcl11b
65124,C2orf26,268301,Ankrd57
65249,ZSWIM4,212168,Zswim4
65251,ZNF649,---,---
65982,ZNF447,232875,Zscan18
65986,ZBTB10,229055,Zbtb10
65988,ZNF747,---,---
79027,ZNF655,72611,Zfp655
79039,DDX54,71990,Ddx54
79088,ZNF426,235028,Zfp426
79142,PHF23,78246,Phf23
79149,ZSCAN5,---,---
79175,ZNF343,---,---
79190,IRX6,64379,Irx6
79191,IRX3,16373,Irx3
79192,IRX1,16371,Irx1
79230,ZNF557,---,---
79365,BHLHB3,79362,Bhlhb3
79366,NSBP1,50887,Nsbp1
79603,LASS4,67260,Lass4
79618,HMBOX1,219150,Hmbox1
79722,FLJ11795,77318,Ankrd55
79723,SUV39H2,64707,Suv39h2
79724,FLJ23436,233890,Zfp768
79727,LIN28,83557,Lin28
79733,E2F8,108961,E2f8
79744,ZNF419,374928,ZNF773
79753,SNIP1,76793,Snip1
79797,ZNF408,381410,Zfp408
79800,ALS2CR8,241066,Carf
79813,EHMT1,77683,Ehmt1
79816,TLE6,114606,Tle6
79842,ZBTB3,75291,Zbtb3
79862,ZNF669,---,---
79885,HDAC11,232232,Hdac11
79891,ZNF671,---,---
79898,ZNF613,---,---
79923,NANOG,71950,Nanog
79960,PHF17,269424,Phf17
79973,ZNF442,---,---
79998,ANKRD53,---,---
80032,ZNF556,---,---
80095,ZNF606,67370,Zfp606
80108,ZFP2,22678,Zfp2
80155,NARG1,74838,Narg1
80237,ELL3,269344,Ell3
80264,ZNF430,---,---
80314,EPC1,13831,Epc1
80317,ZNF306,72739,Zkscan3
80325,ABTB1,80283,Abtb1
80345,ZNF435,---,---
80712,ESX1,13984,Esx1
80714,PBX4,80720,Pbx4
80764,THAP7,69009,Thap7
80778,ZNF34,---,---
80818,ZNF436,22704,Zfp46
80829,ZFP91,109910,Zfp91
81628,TSC22D4,78829,Tsc22d4
81856,ZNF611,---,---
81931,ZNF93,431706,Zfp457
83439,TCF7L1,21415,Tcf3
83463,MXD3,17121,Mxd3
83482,SCRT1,---,---
83595,SOX7,20680,Sox7
83741,TFAP2D,226896,Tcfap2d
83746,L3MBTL2,214669,L3mbtl2
83855,KLF16,118445,Klf16
83881,MIXL1,27217,Mixl1
83933,HDAC10,170787,Hdac10
83990,BRIP1,237911,Brip1
84105,PCBD2,72562,Pcbd2
84108,PCGF6,71041,Pcgf6
84124,ZNF394,67235,Zkscan14
84146,ZNF644,52397,Zfp644
84159,ARID5B,71371,Arid5b
84164,ASCC2,75452,Ascc2
84172,POLR1B,20017,Rpo1-2
84174,SLA2,77799,Sla2
84232,MAF1,68877,Maf1
84250,ANKRD32,105377,Ankrd32
84287,ZDHHC16,74168,Zdhhc16
84289,ING5,---,---
84295,PHF6,70998,Phf6
84307,ZNF397,---,---
84365,MKI67IP,67949,Mki67ip
84444,DOT1L,208266,Dot1l
84449,ZNF333,---,---
84450,ZNF512,269639,Zfp512
84456,L3MBTL3,237339,L3mbtl3
84458,MLR2,212391,Lcor
84504,NKX6-2,14912,Nkx6-2
84515,MCM8,66634,Mcm8
84525,HOP,74318,Hopx
84527,ZNF559,---,---
84528,PEPP-2,---,---
84547,PGBD1,---,---
84614,ZBTB37,---,---
84626,KIAA1862,77827,Krba1
84627,ZNF469,---,---
84654,SPZ1,79401,Spz1
84662,GLIS2,83396,Glis2
84667,HES7,84653,Hes7
84671,ZNF347,22709,Zfp51
84678,FBXL10,30841,Fbxl10
84684,INSM2,56856,Insm2
84699,CREB3L3,208677,Creb3l3
84717,HDGF2,15193,Hdgfrp2
84765,ZNF577,---,---
84838,ZNF496,268417,Zkscan17
84839,RAXL1,---,---
84844,PHF5A,68479,Phf5a
84874,ZNF514,---,---
84878,ZNF499,232879,Zbtb45
84891,ZNF206,332221,Zscan10
84905,ZNF341,228807,Zfp341
84911,ZNF382,233060,Zfp382
84914,ZNF587,147687,ZNF417
84922,FLJ14768,23877,Fiz1
84924,ZNF566,72556,Zfp566
84969,C20orf100,269389,Tox2
85363,TRIM5,667823,EG667823
85403,EAF1,74427,Eaf1
85409,NKD2,72293,Nkd2
85441,PRIC285,229003,BC006779
85446,ZFHX2,239102,Zfhx2
85508,SCRT2,545474,Scrt2
85509,MBD3L1,73503,Mbd3l1
86614,HSFY1,71066,Hsfy2
89870,TRIM15,69097,Trim15
89884,LHX4,16872,Lhx4
90075,ZNF30,---,---
90233,ZNF551,619331,Zfp551
90316,TGIF2LX,245583,Tgif2lx
90321,LOC90321,---,---
90338,ZNF160,224585,Zfp160
90390,THRAP6,69790,Med30
90592,ZNF700,---,---
90594,ZNF439,---,---
90649,ZNF486,---,---
90655,TGIF2LY,---,---
90780,PYGO2,68911,Pygo2
90827,ZNF479,---,---
90853,SPOCD1,622480,OTTMUSG00000009522
90987,ZNF251,71591,Zfp251
90993,CREB3L1,26427,Creb3l1
91012,LASS5,71949,Lass5
91074,ANKRD30A,---,---
91133,L3MBTL4,---,---
91392,ZNF502,212569,Zfp273
91612,CHURC1,211151,Churc1
91661,LOC91661,---,---
91746,YTHDC1,231386,Ythdc1
91975,ZNF300,245368,Zfp300
92283,GIOT-1,---,---
92285,ZNF585B,---,---
92379,ZFP62,22720,Zfp62
92565,FANK1,66930,Fank1
92595,MGC13138,233893,Zfp764
92822,ZNF276,57247,Zfp276
93166,PRDM6,225518,Prdm6
93474,ZNF670,---,---
93649,MYOCD,214384,Myocd
93986,FOXP2,114142,Foxp2
94039,ZNF101,---,---
94104,C21orf66,67367,1810007M14Rik
94234,FOXQ1,15220,Foxq1
112885,PHF21B,271305,Phf21b
112950,MED8,80509,Med8
113835,ZNF257,---,---
114026,ZIM3,---,---
114034,TOE1,68276,Toe1
115196,ZNF554,---,---
115509,ZNF689,71131,Zfp689
115560,ZNF501,---,---
115950,ZNF653,319601,Zfp653
116113,FOXP4,74123,Foxp4
116448,OLIG1,50914,Olig1
116988,CENTG3,213990,Centg3
117154,DACH2,93837,Dach2
117581,TWIST2,---,---
117608,ZNF354B,27274,Zfp354b
118738,ZNF488,382867,Zfp488
118932,ANKRD22,52024,Ankrd22
121274,ZNF641,239652,Zfp641
121340,SP7,170574,Sp7
121536,AEBP2,11569,Aebp2
121551,BTBD11,74007,Btbd11
121599,SPIC,20728,Spic
121643,FOXN4,116810,Foxn4
122953,JDP2,81703,Jdp2
124401,ANKS3,72615,Anks3
126068,ZNF441,---,---
126069,ZNF491,---,---
126070,ZNF440,---,---
126231,ZNF573,---,---
126295,LOC126295,---,---
127343,DMBX1,140477,Dmbx1
127428,C1orf83,66526,2210012G02Rik
127540,HMGB4,69317,Hmgb4
127557,ZBTB8,---,---
128553,TSHZ2,228911,Tshz2
128872,HMG4L,---,---
129025,SUHW1,---,---
129138,LOC129138,223690,Ankrd54
130557,ZNF513,101023,Zfp513
132625,ZFP42,22702,Zfp42
133522,PPARGC1B,170826,Ppargc1b
133746,JMY,57748,Jmy
134187,FLJ25680,75507,Pou5f2
136051,DKFZp762I137,330301,Zfp786
136259,KLF14,619665,Klf14
136371,ASB10,117590,Asb10
136647,C7orf11,66308,2810021B07Rik
138474,TAF1L,---,---
139324,CXorf43,245596,Hdx
140456,ASB11,68854,Asb11
140459,ASB6,72323,Asb6
140461,ASB8,78541,Asb8
140462,ASB9,69299,Asb9
140467,ZNF358,140482,Zfp358
140612,ZFP28,22690,Zfp28
140628,GATA5,14464,Gata5
140685,BTBD4,---,---
140690,CTCFL,664799,Ctcfl
140883,SUHW2,64453,Zfp280b
140893,C20orf151,271887,BC066135
142685,ASB15,78910,Asb15
142689,ASB12,70392,Asb12
145258,GSC,14836,Gsc
146198,ZFP90,22751,Zfp90
146434,ZNF597,71063,Zfp597
146540,FLJ32130,---,---
146542,ZNF688,69234,Zfp688
147657,ZNF480,---,---
147660,ZNF578,---,---
147686,ZNF418,---,---
147687,ZNF417,---,---
147741,ZNF560,434377,Zfp560
147807,ZNF524,66056,Zfp524
147837,ZNF563,240068,Zfp563
147912,SIX5,20475,Six5
147923,ZNF420,---,---
147929,ZNF565,74352,Zfp84
147948,ZNF582,---,---
147949,ZNF583,213011,Zfp583
148103,ZNF599,---,---
148156,ZNF558,72230,Zfp558
148203,LOC148203,---,---
148206,ZNF714,---,---
148254,ZNF555,---,---
148268,ZNF570,---,---
148327,CREB3L4,78284,Creb3l4
148479,PHF13,230936,Phf13
148979,GLIS1,230587,Glis1
150572,SMYD1,12180,Smyd1
152518,NFXL1,100978,Nfxl1
152687,ZNF595,218314,Zfp595
153572,IRX2,16372,Irx2
157848,FLJ25169,---,---
158399,ZNF483,100041581,Zkscan16
158800,OTEX,---,---
158866,ZDHHC15,108672,Zdhhc15
159296,NKX2-3,18089,Nkx2-3
161882,ZFPM1,22761,Zfpm1
162239,ZFP1,22640,Zfp1
162655,ZNF519,---,---
162699,TCEB3C,653420,TCEB3CL2
162963,ZNF610,---,---
162972,ZNF550,---,---
162979,ZNF342,63872,Zfp296
162989,DEDD2,67379,Dedd2
163050,ZNF564,---,---
163051,ZNF709,70227,Zfp619
163059,ZNF433,620790,OTTMUSG00000016626
163071,ZNF114,---,---
163081,ZNF567,---,---
163087,ZNF383,---,---
163227,ZNF100,---,---
163255,ZNF540,---,---
163732,CITED4,56222,Cited4
167465,ZNF366,238803,Zfp366
167826,OLIG3,94222,Olig3
168374,ZNF92,---,---
168417,ZNF679,---,---
168544,ZNF467,68910,Zfp467
168620,BHLHB8,17341,Bhlhb8
169270,ZNF596,---,---
169792,GLIS3,226075,Glis3
169841,ZNF169,67911,Zfp169
170082,MGC17403,245695,A630018P17Rik
170302,ARX,11878,Arx
170463,SSBP4,76900,Ssbp4
170825,GSH2,14843,Gsx2
170959,ZNF431,---,---
171017,ZNF384,269800,Zfp384
171023,ASXL1,228790,Asxl1
171392,ZNF675,---,---
171568,POLR3H,78929,Polr3h
197320,FLJ31875,---,---
197407,ZNF553,233887,Zfp553
199692,ZNF627,237775,BC050078
199704,ZNF585A,22689,Zfp27
199777,ZNF626,---,---
200350,FOXD4L1,14237,Foxd4
201514,ZNF584,---,---
201516,ZSCAN4,---,---
201798,TIGD4,403175,Tigd4
202559,KHDRBS2,170771,Khdrbs2
203523,ZNF449,78619,Zfp449
204219,LASS3,545975,Lass3
219409,GSH1,14842,Gsx1
219749,ZNF25,22750,Zfp9
221037,JMJD1C,108829,Jmjd1c
221504,ZBTB9,474156,Zbtb9
221527,ZBTB12,193736,Zbtb12
221833,SP8,320145,Sp8
221895,tcag7.981,231986,Jazf1
222546,RFXDC1,320995,Rfxdc1
222696,ZNF390,---,---
245806,VGLL2,215031,Vgll2
246175,CNOT6L,231464,Cnot6l
246721,POLR2J2,---,---
252884,ZNF396,---,---
252969,NEIL2,382913,Neil2
253461,ZBTB38,245007,Zbtb38
253738,EBF3,13593,Ebf3
254251,MLR1,---,---
254394,MCMDC1,71567,Mcm9
255877,BCL6B,12029,Bcl6b
256051,ZNF549,---,---
256297,PTF1A,19213,Ptf1a
257218,SHPRH,268281,Shprh
282890,ZNF311,---,---
283078,MKX,210719,Mkx
283248,RCOR2,104383,Rcor2
284119,PTRF,19285,Ptrf
284306,ZNF547,---,---
284312,ZSCAN1,---,---
284349,ZNF283,112415,C030039L03Rik
284370,ZNF615,408062,BC062115
284406,ZNF545,330502,Zfp82
284443,LOC115648,78251,Zfp712
284443,ZNF493,78251,Zfp712
284459,HKR1,---,---
284695,ZNF326,54367,Zfp326
285676,ZNF454,237758,Zfp454
286075,ZNF707,69020,Zfp707
286128,ZFP41,22701,Zfp41
286380,RP11-561O23.3,653404,FOXD4L6
286749,SALF,---,---
333929,SNAI3,30927,Snai3
338699,ANKRD42,73845,Ankrd42
338917,CHX10,12677,Vsx2
339327,ZNF546,22648,Zfp11
339416,ANKRD45,73844,Ankrd45
339488,TFAP2E,332937,Tcfap2e
340481,ZDHHC21,68268,Zdhhc21
341405,ANKRD33,208258,Ankrd33
342908,ZNF404,---,---
342926,ZNF677,100041979,100041979
342945,HKR2,232878,Zscan22
343472,BARHL2,104382,Barhl2
344018,FIGLA,26910,Figla
346171,ZFP57,22715,Zfp57
347344,ZNF81,---,---
347853,TBX10,109575,Tbx10
349075,ZNF713,---,---
349334,FOXD4L4,---,---
353088,ZNF429,---,---
353274,ZNF445,235682,Zfp445
360030,LOC360030,---,---
374900,ZNF568,---,---
387032,ZNF307,544922,OTTMUSG00000000421
389692,MAFA,378435,Mafa
403341,ZBTB34,241311,Zbtb34
552900,BOLA2,654483,BOLA2B
643641,LOC643641,---,---